﻿<?xml version="1.0" encoding="utf-8"?>
<Filters xmlns:xsi="http://www.w3.org/2001/XMLSchema-instance" xmlns:xsd="http://www.w3.org/2001/XMLSchema" xmlns="www.l4ndash.com">
  <Filter Name="ErrorsAndWarnings">
    <IncludeLevel>0</IncludeLevel>
    <IncludeLevel>1</IncludeLevel>
    <IncludeLevel>2</IncludeLevel>
    <Columns />
  </Filter>
  <Filter Name="DateFilter">
    <IncludeLevel>0</IncludeLevel>
    <IncludeLevel>1</IncludeLevel>
    <IncludeLevel>2</IncludeLevel>
    <IncludeLevel>3</IncludeLevel>
    <IncludeLevel>4</IncludeLevel>
    <Columns>
      <FilterColumnItem Name="FromDateTime" MatchType="Contains">633481862130000000</FilterColumnItem>
      <FilterColumnItem Name="ToDateTime" MatchType="Contains">633503808000000000</FilterColumnItem>
    </Columns>
  </Filter>
</Filters>